{
  "function": "Функция Растригина",
  "n_runs": 100,
  "base_seed": 0,
  "algo_stats": {
    "threshold": {
      "values": [
        0.01590750078497649,
        0.023568265365252472,
        1.0266488332830654,
        1.0092119642582098,
        0.12603830278079897,
        0.08326618560479915,
        1.0036850676240903,
        0.1445082645375919,
        0.0003462366747939427,
        0.004221572694198983,
        1.006382370604019,
        1.0219022359257224,
        1.0042265191536757,
        0.3957085540199188,
        0.010170828125247056,
        0.031241240739412035,
        0.005757000430996584,
        1.014054819901581,
        0.003114116293623681,
        0.050073925523825835,
        0.0063542960297411355,
        1.038905969401256,
        0.005666362370959632,
        1.104932331952746,
        1.0704370378648207,
        0.02434026982646742,
        0.0009301452497716411,
        0.0036297266682296936,
        0.0049982185275254665,
        0.2145085424338724,
        0.008852171881436277,
        1.9907021101492788,
        0.1741768081204853,
        0.10595581540032128,
        0.34860848068273853,
        0.0017257454023180685,
        0.06559662755201501,
        0.007946934352755619,
        0.01920467626764122,
        0.033401985990089145,
        0.025392477693632287,
        0.004517167741166617,
        0.0023254897749609427,
        0.8756831382196211,
        0.9974709414301941,
        0.03757219723169669,
        1.0019259653483203,
        0.058264911293562704,
        0.01214573642271688,
        0.352784943245652,
        0.4318191097030848,
        0.997291318761178,
        1.0024506815336558,
        0.0009256786649913806,
        0.0055856880852260815,
        0.03281345952022363,
        0.17805061660579824,
        0.013103825469080732,
        0.042301488642088714,
        0.025420200439029372,
        0.006169344165403601,
        0.14645397656698123,
        1.0058306527212721,
        0.9971151660409205,
        0.004142825103002679,
        0.14401947870386067,
        0.9983313342808877,
        0.2376000447615354,
        0.05545840771325672,
        1.0010178193973545,
        0.01901529080328146,
        0.03779591119418768,
        1.0076366637169016,
        0.2671972243341294,
        0.011510032957232852,
        0.12180000870820251,
        0.02090048605867878,
        0.0029010615664155637,
        0.022045091887683554,
        0.006780586125579191,
        0.06677649403794561,
        0.039909554822635585,
        1.9963699080650095,
        0.8979676774282446,
        0.5248849488172951,
        0.03681870630053652,
        1.1799409389734343,
        0.0049805932181463675,
        1.5309952386656676,
        1.5684946585494615,
        0.00548419127011357,
        0.013443573808071818,
        1.004158079022293,
        0.008868603554745391,
        0.03372979815494759,
        0.02149274451684846,
        0.05518769553962244,
        0.003536770165190717,
        0.8725650989015037,
        0.3478678224993743
      ],
      "min": 0.0003462366747939427,
      "max": 1.9963699080650095,
      "mean": 0.36635947599394003,
      "best_value": 0.0003462366747939427,
      "best_point": [
        0.0013206447612480435,
        -3.3488789580926603e-05
      ],
      "best_seed": 8,
      "best_run_index": 8
    },
    "simulated_annealing": {
      "values": [
        0.012447246185274707,
        0.010448589090028548,
        0.8695691885642063,
        1.7185421354877235,
        1.0532449971086209,
        0.30703482045598207,
        0.00804453749853451,
        0.029073373100533928,
        0.13893734003616487,
        0.998284356011105,
        0.005348407669764299,
        0.6163146975719869,
        0.6958140105980419,
        0.7105374754851042,
        0.01332938299069042,
        1.8740645666387934,
        0.18845286278989803,
        0.2255737527307602,
        1.0315549734101879,
        0.6575801965008168,
        0.13712874434052935,
        1.0478330447754587,
        1.0655132529466798,
        0.6388963524107432,
        0.12316821847709036,
        0.3892770736471505,
        0.31550757612995284,
        0.4136198038314163,
        1.056703606194887,
        0.008540705638750978,
        0.9969658497976965,
        0.26386562991776685,
        1.0132551944952155,
        0.5468124423050149,
        0.3386475346921074,
        1.0753938203308664,
        1.239551879952991,
        0.0825543122982424,
        0.9494873841978304,
        0.9957203432912323,
        0.005052986894099831,
        0.007682277227409884,
        0.022204695440983357,
        0.22366411129507924,
        1.0536532390088489,
        1.031909276191314,
        0.0025783896527826755,
        0.14613283757204698,
        1.0270368735238335,
        0.46400302439850805,
        0.8942986796067629,
        1.8747516213263609,
        0.057540314859906516,
        0.1103539134109468,
        0.9343690100736239,
        0.0022561554016249374,
        0.02246530201006891,
        1.0259656127656207,
        0.0007049285635574165,
        0.0009784848554339476,
        1.569100842131725,
        0.2801728091501232,
        1.00318863727599,
        0.052243601123194594,
        0.6041022596062362,
        0.12962683603495861,
        0.9951095705825388,
        0.018392297785624123,
        0.020803015213829212,
        0.022373395642937055,
        1.2856952146526055,
        0.02512031538591586,
        0.03445586184572136,
        1.1057947170972255,
        0.11938011621936084,
        0.03604693305403117,
        0.7773905137313122,
        1.0091441689566913,
        1.019723491081379,
        0.024790866848775295,
        1.4638814212499405,
        1.0030574541628745,
        0.5401890276151136,
        1.5126274015481158,
        0.15757319950215987,
        0.001090883110066443,
        0.1030719245705285,
        1.0604163349987878,
        0.31412026968584783,
        0.45840118739495495,
        1.069863636442225,
        0.5364614956058702,
        0.7292676822914146,
        0.41516847982850535,
        0.01837715371757298,
        0.0793475221499591,
        1.0080720641081662,
        1.3555145049102606,
        0.24105258407134755,
        1.0050341626259538
      ],
      "min": 0.0007049285635574165,
      "max": 1.8747516213263609,
      "mean": 0.559754852666845,
      "best_value": 0.0007049285635574165,
      "best_point": [
        -0.0009444644208080055,
        -0.0016313251664751283
      ],
      "best_seed": 58,
      "best_run_index": 58
    },