{
  "function": "Функция Растригина",
  "n_runs": 10,
  "base_seed": 0,
  "algo_stats": {
    "threshold": {
      "values": [
        0.12725446010535535,
        0.6874995092639509,
        0.05674849004072513,
        0.07204030339468659,
        0.050216258120624246,
        0.034100692883562544,
        0.04292546354591309,
        0.15780848459275632,
        0.178675596950999,
        0.0053592459556099925
      ],
      "min": 0.0053592459556099925,
      "max": 0.6874995092639509,
      "mean": 0.1412628504854183,
      "best_value": 0.0053592459556099925,
      "best_point": [
        -0.003155917247016471,
        0.0041297540815380404
      ],
      "best_seed": 9,
      "best_run_index": 9
    },
    "simulated_annealing": {
      "values": [
        0.05614812389144319,
        0.09457419994675575,
        1.1564865206226003,
        1.0210541906619568,
        0.07835924853869969,
        0.7301392892457628,
        0.09592033794355004,
        0.1228816845349705,
        0.7324664514389525,
        0.11366137978723145
      ],
      "min": 0.05614812389144319,
      "max": 1.1564865206226003,
      "mean": 0.4201691426611923,
      "best_value": 0.05614812389144319,
      "best_point": [
        0.01682768361614928,
        0.0003276894759961513
      ],
      "best_seed": 0,
      "best_run_index": 0
    },
    "particle_swarm": {
      "values": [
        0.9949612206505485,
        4.11408916178857e-06,
        6.666093028684372e-06,
        1.1276989440034413e-06,
        5.8265377802513285e-06,
        1.6832227345275896e-07,
        7.170187079452717e-05,
        0.0021012731776330895,
        0.00018093766443882942,
        1.4818414513229072e-06
      ],
      "min": 1.6832227345275896e-07,
      "max": 0.9949612206505485,
      "mean": 0.09973345179460544,
      "best_value": 1.6832227345275896e-07,
      "best_point": [
        -2.6294774858358686e-06,
        -2.9008933922392184e-05
      ],
      "best_seed": 5,
      "best_run_index": 5
    }
  }
}